Workbook

Sheet Dashboard
A1: 🗼 東京 9 天行程 ｜ 家庭共享 Dashboard
A3: ▼ 旅行資訊
A4: 出發日期 | B4: 2026/05/16 | C4: 回程日期 | D4: 2026/05/24 | E4: 天數 | F4: 9
A5: 航空公司 | B5: JAL | C5: 去程班機 | D5: JL8664 | E5: 回程班機 | F5: JL8663
A6: 同行人數 | B6: 4 | C6: 成人 | D6: 3 | E6: 兒童 | F6: 1
A8: ▼ 旅程進度（依「景點完成進度」分頁自動計算）
A9: 總景點數 | B9: =COUNTA(景點完成進度!C3:C100) -> 46 | C9: 已完成 | D9: =COUNTIF(景點完成進度!E3:E100,"☑") -> 0
A10: 完成率 | B10: =IFERROR(D9/B9,0) -> 0 | C10: 未完成 | D10: =B9-D9 -> 46
A12: ▼ 預算總覽（依「花費明細」分頁自動計算）
A13: 總預算 (NT$) | B13: =SUMPRODUCT(景點完成進度!D3:D100) -> 8278 | C13: 已花費 (NT$) | D13: =SUM(花費明細!H3:H1000) -> 1008
A14: 剩餘 (NT$) | B14: =B13-D13 -> 7270 | C14: 使用率 | D14: =IFERROR(D13/B13,0) -> 0.12176854
A16: ▼ 各人支付狀況（依「花費明細」加總）
A17: 付款人 | B17: 已支付 (NT$) | C17: 筆數 | D17: 平均/筆 | E17: 佔總比例 | F17: 備註
A18: 👨 爸爸 | B18: =SUMIFS(花費明細!H3:H1000,花費明細!G3:G1000,"dad") -> 1008 | C18: =COUNTIF(花費明細!G3:G1000,"dad") -> 1 | D18: =IFERROR(B18/C18,0) -> 1008 | E18: =IFERROR(B18/SUM(B18:B21),0) -> 1
A19: 👩 老婆 | B19: =SUMIFS(花費明細!H3:H1000,花費明細!G3:G1000,"wife") -> 0 | C19: =COUNTIF(花費明細!G3:G1000,"wife") -> 0 | D19: =IFERROR(B19/C19,0) -> 0 | E19: =IFERROR(B19/SUM(B18:B21),0) -> 0
A20: 👵 媽媽 | B20: =SUMIFS(花費明細!H3:H1000,花費明細!G3:G1000,"mom") -> 0 | C20: =COUNTIF(花費明細!G3:G1000,"mom") -> 0 | D20: =IFERROR(B20/C20,0) -> 0 | E20: =IFERROR(B20/SUM(B18:B21),0) -> 0
A21: 👥 共付 | B21: =SUMIFS(花費明細!H3:H1000,花費明細!G3:G1000,"shared") -> 0 | C21: =COUNTIF(花費明細!G3:G1000,"shared") -> 0 | D21: =IFERROR(B21/C21,0) -> 0 | E21: =IFERROR(B21/SUM(B18:B21),0) -> 0
A22: 總計 | B22: =SUM(B18:B21) -> 1008 | C22: =SUM(C18:C21) -> 1 | D22: =IFERROR(B22/C22,0) -> 1008 | E22: =SUM(E18:E21) -> 1
A24: ▼ 費用分類分析
A25: 費用分類 | B25: 金額 (NT$) | C25: 筆數 | D25: 平均/筆 | E25: 佔總比例 | F25: 備註
A26: 🚆 交通 | B26: =SUMIFS(花費明細!H3:H1000,花費明細!F3:F1000,"transport") -> 0 | C26: =COUNTIF(花費明細!F3:F1000,"transport") -> 0 | D26: =IFERROR(B26/C26,0) -> 0 | E26: =IFERROR(B26/SUM(B26:B33),0) -> 0
A27: 🍱 餐飲 | B27: =SUMIFS(花費明細!H3:H1000,花費明細!F3:F1000,"food") -> 1008 | C27: =COUNTIF(花費明細!F3:F1000,"food") -> 1 | D27: =IFERROR(B27/C27,0) -> 1008 | E27: =IFERROR(B27/SUM(B26:B33),0) -> 1
A28: 🎫 門票 | B28: =SUMIFS(花費明細!H3:H1000,花費明細!F3:F1000,"ticket") -> 0 | C28: =COUNTIF(花費明細!F3:F1000,"ticket") -> 0 | D28: =IFERROR(B28/C28,0) -> 0 | E28: =IFERROR(B28/SUM(B26:B33),0) -> 0
A29: 🏨 住宿 | B29: =SUMIFS(花費明細!H3:H1000,花費明細!F3:F1000,"hotel") -> 0 | C29: =COUNTIF(花費明細!F3:F1000,"hotel") -> 0 | D29: =IFERROR(B29/C29,0) -> 0 | E29: =IFERROR(B29/SUM(B26:B33),0) -> 0
A30: 🛍 購物 | B30: =SUMIFS(花費明細!H3:H1000,花費明細!F3:F1000,"shopping") -> 0 | C30: =COUNTIF(花費明細!F3:F1000,"shopping") -> 0 | D30: =IFERROR(B30/C30,0) -> 0 | E30: =IFERROR(B30/SUM(B26:B33),0) -> 0
A31: 💊 藥妝 | B31: =SUMIFS(花費明細!H3:H1000,花費明細!F3:F1000,"cosmetics") -> 0 | C31: =COUNTIF(花費明細!F3:F1000,"cosmetics") -> 0 | D31: =IFERROR(B31/C31,0) -> 0 | E31: =IFERROR(B31/SUM(B26:B33),0) -> 0
A32: 🎁 伴手禮 | B32: =SUMIFS(花費明細!H3:H1000,花費明細!F3:F1000,"souvenir") -> 0 | C32: =COUNTIF(花費明細!F3:F1000,"souvenir") -> 0 | D32: =IFERROR(B32/C32,0) -> 0 | E32: =IFERROR(B32/SUM(B26:B33),0) -> 0
A33: ⚡ 雜支 | B33: =SUMIFS(花費明細!H3:H1000,花費明細!F3:F1000,"other") -> 0 | C33: =COUNTIF(花費明細!F3:F1000,"other") -> 0 | D33: =IFERROR(B33/C33,0) -> 0 | E33: =IFERROR(B33/SUM(B26:B33),0) -> 0

Sheet 花費明細
A1: 💰 每日花費明細（每筆獨立、自動換算）
A2: 日期 | B2: 景點 | C2: 備註 | D2: 幣別 | E2: 原始金額 | F2: 費用分類 | G2: 付款人 | H2: 換算 (NT$) | I2: JPY 匯率 | J2: USD 匯率 | K2: 更新時間 | M2: 📌 欄位代碼說明
A3: 2026/05/16 | B3: 馬賊拉麵 | C3: 晚餐 4 人份 | D3: JPY | E3: 4800 | F3: food | G3: dad | H3: =IF(D3="JPY",E3*$I$3,IF(D3="USD",E3*$J$3,E3)) -> 1008 | I3: 0.21 | J3: 32 | K3: 2026/05/15 | M3: 幣別代碼：
H4: =IFERROR(IF(D4="JPY",E4*$I$3,IF(D4="USD",E4*$J$3,E4)),"") -> 0 | M4: JPY = 日圓
H5: =IFERROR(IF(D5="JPY",E5*$I$3,IF(D5="USD",E5*$J$3,E5)),"") -> 0 | M5: TWD = 台幣
H6: =IFERROR(IF(D6="JPY",E6*$I$3,IF(D6="USD",E6*$J$3,E6)),"") -> 0 | M6: USD = 美金
H7: =IFERROR(IF(D7="JPY",E7*$I$3,IF(D7="USD",E7*$J$3,E7)),"") -> 0
H8: =IFERROR(IF(D8="JPY",E8*$I$3,IF(D8="USD",E8*$J$3,E8)),"") -> 0 | M8: 費用分類代碼：
H9: =IFERROR(IF(D9="JPY",E9*$I$3,IF(D9="USD",E9*$J$3,E9)),"") -> 0 | M9: transport = 交通
H10: =IFERROR(IF(D10="JPY",E10*$I$3,IF(D10="USD",E10*$J$3,E10)),"") -> 0 | M10: food = 餐飲
H11: =IFERROR(IF(D11="JPY",E11*$I$3,IF(D11="USD",E11*$J$3,E11)),"") -> 0 | M11: ticket = 門票
H12: =IFERROR(IF(D12="JPY",E12*$I$3,IF(D12="USD",E12*$J$3,E12)),"") -> 0 | M12: hotel = 住宿
H13: =IFERROR(IF(D13="JPY",E13*$I$3,IF(D13="USD",E13*$J$3,E13)),"") -> 0 | M13: shopping = 購物
H14: =IFERROR(IF(D14="JPY",E14*$I$3,IF(D14="USD",E14*$J$3,E14)),"") -> 0 | M14: cosmetics = 藥妝
H15: =IFERROR(IF(D15="JPY",E15*$I$3,IF(D15="USD",E15*$J$3,E15)),"") -> 0 | M15: souvenir = 伴手禮
H16: =IFERROR(IF(D16="JPY",E16*$I$3,IF(D16="USD",E16*$J$3,E16)),"") -> 0 | M16: other = 雜支
H17: =IFERROR(IF(D17="JPY",E17*$I$3,IF(D17="USD",E17*$J$3,E17)),"") -> 0
H18: =IFERROR(IF(D18="JPY",E18*$I$3,IF(D18="USD",E18*$J$3,E18)),"") -> 0 | M18: 付款人代碼：
H19: =IFERROR(IF(D19="JPY",E19*$I$3,IF(D19="USD",E19*$J$3,E19)),"") -> 0 | M19: dad = 爸爸
H20: =IFERROR(IF(D20="JPY",E20*$I$3,IF(D20="USD",E20*$J$3,E20)),"") -> 0 | M20: wife = 老婆
H21: =IFERROR(IF(D21="JPY",E21*$I$3,IF(D21="USD",E21*$J$3,E21)),"") -> 0 | M21: mom = 媽媽
H22: =IFERROR(IF(D22="JPY",E22*$I$3,IF(D22="USD",E22*$J$3,E22)),"") -> 0 | M22: shared = 共付
H23: =IFERROR(IF(D23="JPY",E23*$I$3,IF(D23="USD",E23*$J$3,E23)),"") -> 0
H24: =IFERROR(IF(D24="JPY",E24*$I$3,IF(D24="USD",E24*$J$3,E24)),"") -> 0
H25: =IFERROR(IF(D25="JPY",E25*$I$3,IF(D25="USD",E25*$J$3,E25)),"") -> 0
H26: =IFERROR(IF(D26="JPY",E26*$I$3,IF(D26="USD",E26*$J$3,E26)),"") -> 0
H27: =IFERROR(IF(D27="JPY",E27*$I$3,IF(D27="USD",E27*$J$3,E27)),"") -> 0
H28: =IFERROR(IF(D28="JPY",E28*$I$3,IF(D28="USD",E28*$J$3,E28)),"") -> 0
H29: =IFERROR(IF(D29="JPY",E29*$I$3,IF(D29="USD",E29*$J$3,E29)),"") -> 0
H30: =IFERROR(IF(D30="JPY",E30*$I$3,IF(D30="USD",E30*$J$3,E30)),"") -> 0
H31: =IFERROR(IF(D31="JPY",E31*$I$3,IF(D31="USD",E31*$J$3,E31)),"") -> 0
H32: =IFERROR(IF(D32="JPY",E32*$I$3,IF(D32="USD",E32*$J$3,E32)),"") -> 0
H33: =IFERROR(IF(D33="JPY",E33*$I$3,IF(D33="USD",E33*$J$3,E33)),"") -> 0
H34: =IFERROR(IF(D34="JPY",E34*$I$3,IF(D34="USD",E34*$J$3,E34)),"") -> 0
... H1000: =IFERROR(IF(D1000="JPY",E1000*$I$3,IF(D1000="USD",E1000*$J$3,E1000)),"") -> 0

Sheet 景點完成進度
A1: 📍 35 景點完成進度（4 人共同記錄）
A2: 日 | B2: 時間 | C2: 景點名稱 | D2: 預估 (NT$) | E2: 完成 | F2: 評分 | G2: 備註
A3: 1 | B3: 12:45 | C3: 桃園起飛 JL8664 | D3: 0 | F3: 0
A4: 1 | B4: 17:15 | C4: 抵達 NRT 成田機場 | D4: 0 | F4: 0
A5: 1 | B5: 18:10 | C5: Skyliner → 日暮里 | D5: 542 | F5: 0
A6: 1 | B6: 18:50 | C6: MYSTAYS 日暮里入住 | D6: 0 | F6: 0
A7: 1 | B7: 19:30 | C7: 夕燒臺階+谷中銀座入口 | D7: 0 | F7: 0
A8: 1 | B8: 20:30 | C8: 馬賊 手打拉麵晚餐 | D8: 280 | F8: 0
A9: 1 | B9: 21:30 | C9: 羽二重糰子外帶 | D9: 147 | F9: 0
A10: 2 | B10: 09:30 | C10: 上野動物園 | D10: 504 | F10: 0
A11: 2 | B11: 12:00 | C11: 阿美橫町午餐 | D11: 420 | F11: 0
A12: 2 | B12: 13:30 | C12: 雷門+三社祭 | D12: 0 | F12: 0
A13: 2 | B13: 17:00 | C13: 晴空塔展望台 | D13: 787 | F13: 0
A14: 2 | B14: 18:30 | C14: Solamachi 晚餐 | D14: 472 | F14: 0
... A48: 9 | B48: 11:35 | C48: 抵達桃園 | D48: 0 | F48: 0

Sheet 結算
A1: 🍱 旅行結算 ｜ 誰欠誰多少錢
A3: 💡 計算原則：每人應分擔的金額 = 總花費（含共付）÷ 分擔人數（預設 4 人）
A5: 分擔人數： | B5: 4 | C5: （可改、預設 4 人）
A7: ▼ 各人結算
A8: 付款人 | B8: 已支付 | C8: 應分擔 | D8: 差額 | E8: 結算結果 | F8: 備註
A9: 👨 爸爸 | B9: =SUMIFS(花費明細!H3:H1000,花費明細!G3:G1000,"dad") -> 1008 | C9: =IFERROR(SUM(花費明細!H3:H1000)/$B$5,0) -> 252 | D9: =B9-C9 -> 756 | E9: =IF(D9>0,"應收回 NT$ "&TEXT(D9,"#,##0"),IF(D9<0,"應給出 NT$ "&TEXT(ABS(D9),"#,##0"),"打平")) -> 應收回 NT$ 756
A10: 👩 老婆 | B10: =SUMIFS(花費明細!H3:H1000,花費明細!G3:G1000,"wife") -> 0 | C10: =IFERROR(SUM(花費明細!H3:H1000)/$B$5,0) -> 252 | D10: =B10-C10 -> -252 | E10: =IF(D10>0,"應收回 NT$ "&TEXT(D10,"#,##0"),IF(D10<0,"應給出 NT$ "&TEXT(ABS(D10),"#,##0"),"打平")) -> 應給出 NT$ 252
A11: 👵 媽媽 | B11: =SUMIFS(花費明細!H3:H1000,花費明細!G3:G1000,"mom") -> 0 | C11: =IFERROR(SUM(花費明細!H3:H1000)/$B$5,0) -> 252 | D11: =B11-C11 -> -252 | E11: =IF(D11>0,"應收回 NT$ "&TEXT(D11,"#,##0"),IF(D11<0,"應給出 NT$ "&TEXT(ABS(D11),"#,##0"),"打平")) -> 應給出 NT$ 252
A12: 👥 共付 | B12: =SUMIFS(花費明細!H3:H1000,花費明細!G3:G1000,"shared") -> 0 | C12: — | D12: — | E12: 共付（已平均分攤至各人應分擔）
A14: 總計 | B14: =SUM(B9:B12) -> 1008 | C14: =SUM(C9:C11) -> 756 | D14: =SUM(D9:D11) -> 252 | E14: （差額應為 0、表示計算正確）
A16: ▼ 結算建議（簡化付款）
A17: 💡 通常旅行結束後、應由「應給出」最多的人，付給「應收回」最多的人。
A18: 💡 例如：老婆應給出 NT$ 5,000、爸爸應收回 NT$ 8,000、媽媽應收回 NT$ 2,000
A19: 💡 → 老婆給爸爸 NT$ 5,000，剩下爸爸與媽媽自行結算 NT$ 3,000、5,000。
A21: 📝 也可以開啟 PayPay / LINE Pay / 銀行轉帳處理。
A22: 📝 兒童（9 歲）的部分通常由爸媽分擔，結算時依約定處理。

Sheet 使用說明
A1: 📖 家庭共享 Google Sheets 使用說明
A3: 🎯 這份試算表是做什麼的？
A4: 讓你和家人 4 人共用一份試算表，記錄旅行花費和景點完成進度。
A5: App 主要記錄、Sheets 用來和家人分享/結算。
A7: 🚀 第一次設定（旅行前 1 週）
A8: Step 1：上傳到 Google Sheets
A9: 1. 打開 Google Drive (drive.google.com)
A10: 2. 點「新增 → 檔案上傳」上傳這份 Excel
A11: 3. 上傳後「右鍵 → Google 試算表開啟」
A12: 4. 完成轉檔後可刪除原 Excel 檔
A14: Step 2：分享給家人
A15: 1. 在 Google Sheets 點右上「共用」
... A64: - 兒童門票記得標記「shared」或「dad」、依實際情況決定
